,name,slug
0,Farhiya Abdi,a/abdifa01w.html
1,Tajama Abraham,a/abrahta01w.html
2,Svetlana Abrosimova,a/abrossv01w.html
3,Natalie Achonwa,a/achonna01w.html
4,Jessica Adair,a/adairje01w.html
5,Danielle Adams,a/adamsda01w.html
6,Jordan Adams,a/adamsjo01w.html
7,Elisa Aguilar,a/aguilel01w.html
8,Matee Ajavon,a/ajavoma01w.html
9,Evelyn Akhator,a/akhatev01w.html
10,Marcie Alberts,a/alberma01w.html
11,Markita Aldridge,a/aldrima01w.html
12,Erin Alexander,a/alexaer01w.html
13,Kayla Alexander,a/alexaka01w.html
14,Tawona Alhaleem,a/alhalta01w.html
15,Charel Allen,a/allench01w.html
16,Lindsay Allen,a/allenli01w.html
17,Rebecca Allen,a/allenre01w.html
18,Ameryst Alston,a/alstoam01w.html
19,Mactabene Amachree,a/amachma01w.html
20,Monique Ambers,a/ambermo01w.html
21,Ambrosia Anderson,a/anderam01w.html
22,Chantelle Anderson,a/anderch01w.html
23,Jolene Anderson,a/anderjo01w.html
24,Keisha Anderson,a/anderke01w.html
25,Mery Andrade,a/andrame01w.html
26,Yvette Angel,a/angelyv01w.html
27,Nicky Anosike,a/anosini01w.html
28,Jayne Appel-Marinelli,a/appelja01w.html
29,Janeth Arcain,a/arcaija01w.html
30,Anne Marie Armstrong,m/mariean01w.html
31,Katasha Artis,a/artiska01w.html
32,Marlies Askamp,a/askamma01w.html
33,Ariel Atkins,a/atkinar01w.html
34,La'Tangela Atkinson,a/atkinla01w.html
35,Morenike Atunrase,a/atunrmo01w.html
36,Seimone Augustus,a/augusse01w.html
37,Valeriane Ayayi,a/ayayiva01w.html
38,Angela Aycock,a/aycocan01w.html
39,Miranda Ayim,a/ayimmi01w.html
40,Leigh Aziz,a/azizle01w.html
41,Jennifer Azzi,a/azzije01w.html
42,Tricia Bader Binford,b/badertr01w.html
43,Sherill Baker,b/bakersh01w.html
44,Alison Bales,b/balesal01w.html
45,Rhonda Banchero,b/banchrh01w.html
46,Rachel Banham,b/banhara01w.html
47,Elena Baranova,b/baranel01w.html
48,LaQuanda Barksdale,b/barksla01w.html
49,Adia Barnes,b/barnead01w.html
50,Quacy Barnes,b/barnequ01w.html
51,Mistie Bass,b/bassmi01w.html
52,Suzy Batkovic-Brown,b/batkosu01w.html
53,Jacqueline Batteast,b/batteja01w.html
54,Ashley Battle,b/battlas01w.html
55,Cass Bauer-Bilodeau,b/bauerca01w.html
56,Vicki Baugh,b/baughvi01w.html
57,Alana Beard,b/beardal01w.html
58,Ryneldi Becenti,b/becenry01w.html
59,Kimberly Beck,b/beckki01w.html
60,Evgeniya Belyakova,b/belyaeu01w.html
61,Hind Ben Abdelkader,b/benahi01w.html
62,Jenni Benningfield,b/bennije01w.html
63,Alex Bentley,b/bentlal01w.html
64,Val Berezhynska,b/berezva01w.html
65,Lucienne Berthieu,b/berthlu01w.html
66,Tully Bevilaqua,b/beviltu01w.html
67,Tiffany Bias,b/biasti01w.html
68,Jessica Bibby,b/bibbyje01w.html
69,Agnieszka Bibrzycka,b/bibrzag01w.html
70,Monique Billings,b/billimo01w.html
71,Sue Bird,b/birdsu01w.html
72,Abby Bishop,b/bishoab01w.html
73,Nina Bjedov,b/bjedoni01w.html
74,Angie Bjorklund,b/bjorkan01w.html
75,Tera Bjorklund,b/bjorkte01w.html
76,Chante Black,b/blackch01w.html
77,Debbie Black,b/blackde01w.html
78,Rhonda Blades,b/bladerh01w.html
79,Cindy Blodgett,b/blodgci01w.html
80,Nikki Blue,b/blueni01w.html
81,Octavia Blue,b/blueoc01w.html
82,Shannon Bobbitt,b/bobbish01w.html
83,Whitney Boddie,b/boddiwh01w.html
84,Ruthie Bolton,b/boltoru01w.html
85,LaToya Bond,b/bondla01w.html
86,Kelsey Bone,b/boneke01w.html
87,Susanna Bonfiglio,b/bonfisu01w.html
88,DeWanna Bonner,b/bonnede01w.html
89,Karen Booker,b/bookeka01w.html
90,Jenny Boucek,b/bouceje01w.html
91,Kelly Boucher,b/bouchke01w.html
92,Lindsay Bowen,b/bowenli01w.html
93,Brittany Boyd,b/boydbr01w.html
94,Carla Boyd,b/boydca01w.html
95,Crystal Bradford,b/bradfcr01w.html
96,Gennifer Brandon,b/brandge01w.html
97,Albena Branzova,b/branzal01w.html
98,Gergana Branzova,b/branzge01w.html
99,Cierra Bravard,b/bravaci01w.html
100,Janice Braxton,b/braxtja01w.html
101,Kara Braxton,b/braxtka01w.html
102,Angie Braziel,b/brazian01w.html
103,Razija Brcaninovic,b/brcanra01w.html
104,Jessica Breland,b/brelaje01w.html
105,Reshea Bristol,b/bristre01w.html
106,Michelle Brogan,b/brogami01w.html
107,Sandy Brondello,b/brondsa01w.html
108,Cindy Brown,b/brownci01w.html
109,Coretta Brown,b/brownco01w.html
110,Edwina Brown,b/browned01w.html
111,Kiesha Brown,b/brownki01w.html
112,La'Shawn Brown,b/brownla01w.html
113,Lesley Brown,b/brownle01w.html
114,Lexie Brown,b/brownle02w.html
115,Rushia Brown,b/brownru01w.html
116,Marla Brumfield,b/brumfma01w.html
117,Jessica Brungo,b/brungje01w.html
118,Sophie Brunner,b/brunnso01w.html
119,Rebekkah Brunson,b/brunsre01w.html
120,Adut Bulgak,b/bulgaad01w.html
121,Vicky Bullett,b/bullevi01w.html
122,Cierra Burdick,b/burdici01w.html
123,Heather Burge,b/burgehe02w.html
124,Heidi Burge,b/burgehe01w.html
125,Annie Burgess,b/burgean01w.html
126,Linda Burgess,b/burgeli01w.html
127,Alisa Burras,b/burraal01w.html
128,Janell Burse,b/burseja01w.html
129,Heather Butler,b/butlehe01w.html
130,Tasha Butts,b/buttsta01w.html
131,Latasha Byears,b/byearla01w.html
132,Kelley Cain,c/cainke01w.html
133,Liz Cambage,c/cambael01w.html
134,Edna Campbell,c/campbed01w.html
135,Michelle Campbell,c/campbmi01w.html
136,Michelle Campbell,c/campbmi02w.html
137,Jordin Canada,c/canadjo01w.html
138,Emma Cannon,c/cannoem01w.html
139,Dominique Canty,c/cantydo01w.html
140,Jamie Carey,c/careyja01w.html
141,Essence Carson,c/carsoes01w.html
142,Amisha Carter,c/carteam01w.html
143,Deborah Carter,c/cartede01w.html
144,Sydney Carter,c/cartesy01w.html
145,Swin Cash,c/cashsw01w.html
146,Jamie Cassidy,c/cassija01w.html
147,Iziane Castro Marques,c/castriz01w.html
148,Tamika Catchings,c/catchta01w.html
149,LaNeishea Caufield,c/caufila01w.html
150,Elisabeth Cebrian,c/cebriel01w.html
151,Keri Chaconas,c/chacoke01w.html
152,Cori Chambers,c/chambco01w.html
153,Quianna Chaney,c/chanequ01w.html
154,Jill Chapman-Daily,c/chapmji01w.html
155,Daedra Charles,c/charlda01w.html
156,Tina Charles,c/charlti01w.html
157,Sonia Chase,c/chaseso01w.html
158,Joy Cheek,c/cheekjo01w.html
159,Felicia Chester,c/chestfe01w.html
160,Kaayla Chones,c/choneka01w.html
161,Saniya Chong,c/chongsa01w.html
162,Kayte Christensen,c/chriska01w.html
163,Karima Christmas-Kelly,c/chriska02w.html
164,Shameka Christon,c/chrissh01w.html
165,Kristi Cirone,c/cironkr01w.html
166,Layshia Clarendon,c/clarela01w.html
167,Alysha Clark,c/clarkal01w.html
168,Margold Clark,c/clarkma01w.html
169,Michelle Cleary,c/clearmi01w.html
170,Courtney Clements,c/clemeco01w.html
171,Stacy Clinesmith,c/clinest01w.html
172,Natasha Cloud,c/cloudna01w.html
173,Alaina Coates,c/coateal01w.html
174,Nia Coffey,c/coffeni01w.html
175,Claire Coggins,c/coggicl01w.html
176,Monique Coker,c/cokermo01w.html
177,Courtney Coleman,c/colemco01w.html
178,Marissa Coleman,c/colemma01w.html
179,Nadia Colhado,c/colhana01w.html
180,Katrina Colleton,c/colleka01w.html
181,Sydney Colson,c/colsosy01w.html
182,Megan Compain,c/compame01w.html
183,Andrea Congreaves,c/congran01w.html
184,Cara Consuegra,c/consuca01w.html
185,Camille Cooper,c/coopeca01w.html
186,Cynthia Cooper,c/coopecy01w.html
187,Kahleah Copper,c/coppeka01w.html
188,Carla Cortijo,c/cortica01w.html
189,Sylvia Crawley,c/crawlsy01w.html
190,Willnett Crockett,c/crockwi01w.html
191,Danielle Crockrom,c/crockda01w.html
192,Katie Cronin,c/cronika01w.html
193,Cassandra Crumpton-Moorer,c/crumpca01w.html
194,Anna Cruz,c/cruzan01w.html
195,Beth Cunningham,c/cunnibe01w.html
196,Davalyn Cunningham,c/cunnida01w.html
197,Monique Currie,c/currimo01w.html
198,Edniesha Curry,c/curryed01w.html
199,Ana Dabovic,d/dabonan01w.html
200,Stacey Dales,d/dalesst01w.html
201,Grace Daley,d/daleygr01w.html
202,Damiris Dantas,d/dantada01w.html
203,Helen Darling,d/darlihe01w.html
204,Jessica Davenport,d/davenje01w.html
205,Brandi Davis,d/davisbr01w.html
206,Dee Davis,d/davisde01w.html
207,Kaela Davis,d/daviska01w.html
208,Tanae Davis-Cain,d/davista01w.html
209,Clarissa Davis-Wrightsil,d/daviscl01w.html
210,Erika de Souza,d/desouer01w.html
211,Anna DeForge,d/deforan01w.html
212,Elena Delle Donne,d/delleel01w.html
213,Jennifer Derevjanik,d/derevje01w.html
214,Diamond DeShields,d/deshidi01w.html
215,Maimouna Diarra,d/diarrma01w.html
216,Keitha Dickerson,d/dickeke01w.html
217,Blake Dietrick,d/dietrbl01w.html
218,Skylar Diggins-Smith,d/diggisk01w.html
219,Tai Dillard,d/dillata01w.html
220,Zoi Dimitrakou,d/dimitzo01w.html
221,Tamecka Dixon,d/dixonta01w.html
222,Stefanie Dolson,d/dolsost01w.html
223,Nadine Domond,d/domonna01w.html
224,Bethany Donaphin,d/donapbe01w.html
225,Shay Doron,d/doronsh01w.html
226,Scholanda Dorrell,d/dorresc01w.html
227,Cintia dos Santos,d/dossaci01w.html
228,Clarissa Dos Santos,d/dossacl01w.html
229,Katie Douglas,d/douglka01w.html
230,Jelena Dubljevic,d/dubljje01w.html
231,Megan Duffy,d/duffyme01w.html
232,Celine Dumerc,d/dumercc01w.html
233,Victoria Dunlap,d/dunlavi01w.html
234,Candice Dupree,d/dupreca01w.html
235,Margo Dydek,d/dydekma01w.html
236,Michelle Edwards,e/edwarmi01w.html
237,Simone Edwards,e/edwarsi01w.html
238,Teresa Edwards,e/edwarte01w.html
239,Tonya Edwards,e/edwarto01w.html
240,Frida Eldebrink,e/eldebfr01w.html
241,Aaryn Ellenberg,e/ellenaa01w.html
242,Adaora Elonu,e/elonuad01w.html
243,Shyra Ely-Gash,e/elysh01w.html
244,Shalonda Enis,e/enissh01w.html
245,Makayla Epps,e/eppsma01w.html
246,Summer Erb,e/erbsu01w.html
247,Lauren Ervin,e/ervinla01w.html
248,Dawn Evans,e/evansda01w.html
249,Temi Fagbenle,f/fagbete01w.html
250,Trisha Fallon,f/fallotr01w.html
251,Kelly Faris,f/fariske01w.html
252,Barbara Farris,f/farriba01w.html
253,Jamierra Faulkner,f/faulkja01w.html
254,Allison Feaster,f/feastal01w.html
255,Sui Feifei,f/feifesu01w.html
256,Marie Ferdinand-Harris,f/ferdima01w.html
257,Marta Fernandez,f/fernama01w.html
258,Marina Ferragut,f/ferrama01w.html
259,Nirra Fields,f/fieldni01w.html
260,Ukari Figgs,f/figgsuk01w.html
261,Isabelle Fijalkowski,f/fijalis01w.html
262,Olga Firsova,f/firsool01w.html
263,Feyonda Fitzgerald,f/fitzgfe01w.html
264,Milena Flores,f/floremi01w.html
265,Tye'sha Fluker,f/flukety01w.html
266,Kristin Folkl,f/folklkr01w.html
267,Cheryl Ford,f/fordch01w.html
268,Kisha Ford,f/fordki01w.html
269,Stacey Ford,f/fordst01w.html
270,Toni Foster,f/fosteto01w.html
271,Sylvia Fowles,f/fowlesy01w.html
272,Desiree Francis,f/francde01w.html
273,A'Quonesia Franklin,f/frankaq01w.html
274,Megan Frazee,f/frazeme01w.html
275,Stacy Frese,f/fresest01w.html
276,La'Keshia Frett,f/frettla01w.html
277,Trina Frierson,f/friertr01w.html
278,Linda Frohlich,f/frohlli01w.html
279,Candace Futrell,f/futreca01w.html
280,Katryna Gaither,g/gaithka01w.html
281,Travesa Gant,g/ganttr01w.html
282,Begona Garcia,g/garcibe01w.html
283,Kerri Gardin,g/gardike01w.html
284,Andrea Gardner,g/gardnan01w.html
285,Andrea Garner,g/garnean01w.html
286,Markeisha Gatling,g/gatlima01w.html
287,Pietra Gay,g/gaypi01w.html
288,Cornelia Gayden,g/gaydeco01w.html
289,Katie Gearlds,g/gearlka01w.html
290,Jacki Gemelos,g/gemelja01w.html
291,Cayla George,f/francca01w.html
292,Kim Gessig,g/gessiki01w.html
293,Kelley Gibson,g/gibsoke01w.html
294,Briana Gilbreath-Butler,g/gilbrbr01w.html
295,Jennifer Gillom,g/gilloje01w.html
296,Usha Gilmore,g/gilmous01w.html
297,Kamela Gissendanner,g/gisseka01w.html
298,Chrissy Givens,g/givench01w.html
299,Emilie Gomis,g/gomisem01w.html
300,Sasha Goodlett,g/goodlsa01w.html
301,Angel Goodrich,g/goodran01w.html
302,Adrienne Goodson,g/goodsad01w.html
303,Bridgette Gordon,g/gordobr01w.html
304,Gillian Goring,g/goringi01w.html
305,Shaunzinski Gortman,g/gortmsh01w.html
306,Margo Graham,g/grahama01w.html
307,Erin Grant,g/granter01w.html
308,Bashaara Graves,g/graveba01w.html
309,Denique Graves,g/gravede01w.html
310,Allisha Gray,g/grayal01w.html
311,Chelsea Gray,g/graych01w.html
312,Reshanda Gray,g/grayre01w.html
313,Alexis Gray-Lawson,g/graylal01w.html
314,Michelle Greco,g/grecomi01w.html
315,Kalana Greene,g/greenka01w.html
316,Nikki Greene,g/greenni01w.html
317,Cisti Greenwalt,g/greenci01w.html
318,Vedrana Grgin-Fonseca,g/grginve01w.html
319,Kelsey Griffin,g/griffke01w.html
320,Yolanda Griffith,g/griffyo01w.html
321,Brittney Griner,g/grinebr01w.html
322,Lady Grooms,g/groomla01w.html
323,Gordana Grubin,g/grubigo01w.html
324,Sandrine Gruda,g/grudasa01w.html
325,Marie Gulich,g/gulima01w.html
326,Wanda Guyton,g/guytowa01w.html
327,Jazmon Gwathmey,g/gwathja01w.html
328,Mikiko Hagiwara,h/hagiwmi01w.html
329,Kamesha Hairston,h/hairska01w.html
330,Amber Hall,h/hallam01w.html
331,Vicki Hall,h/hallvi01w.html
332,Angie Hamblin,h/hamblan01w.html
333,Ruth Hamblin,h/hamblru01w.html
334,Dearica Hamby,h/hambyde01w.html
335,Becky Hammon,h/hammobe01w.html
336,Keisha Hampton,h/hamptke01w.html
337,Kym Hampton,h/hamptky01w.html
338,Jennifer Hamson,h/hamsoje01w.html
339,Romana Hamzova,h/hamzoro01w.html
340,Alex Harden,h/hardeal01w.html
341,Lindsey Harding,h/hardili01w.html
342,Laura Harper,h/harpela01w.html
343,Linnae Harper,h/harpeli01w.html
344,Donna Harrington,h/harrido01w.html
345,Amber Harris,h/harriam01w.html
346,Fran Harris,h/harrifr01w.html
347,Isabelle Harrison,h/harriis01w.html
348,Lisa Harrison,h/harrili01w.html
349,Kristi Harrower,h/harrokr01w.html
350,Bria Hartley,h/hartlbr01w.html
351,Jasmine Hassell,h/hasseja01w.html
352,Tianna Hawkins,h/hawkiti01w.html
353,Vanessa Hayden,h/haydeva01w.html
354,Tiffany Hayes,h/hayesti01w.html
355,Kristin Haynie,h/haynikr01w.html
356,Dena Head,h/headde01w.html
357,Nekeshia Henderson,h/hendene01w.html
358,Tracy Henderson,h/hendetr01w.html
359,Sonja Henning,h/henniso01w.html
360,Aneika Henry-Morello,h/henryan01w.html
361,Amy Herrig,h/herriam01w.html
362,Armintie Herrington,p/pricear01w.html
363,Katrina Hibbert,h/hibbeka01w.html
364,Jessie Hicks,h/hicksje01w.html
365,Allison Hightower,h/hightal01w.html
366,E.C. Hill,h/hillec01w.html
367,Tayler Hill,h/hillta01w.html
368,Myisha Hines-Allen,h/hinesmy01w.html
369,Korie Hlede,h/hledeko01w.html
370,Roneeka Hodges,h/hodgero01w.html
371,Ebony Hoffman,h/hoffmeb01w.html
372,Chamique Holdsclaw,h/holdsch01w.html
373,Kedra Holland-Corn,h/hollake01w.html
374,Quanitra Hollingsworth,h/holliqu01w.html
375,Rachel Hollivay,h/hollira01w.html
376,Bria Holmes,h/holmebr01w.html
377,Sequoia Holmes,h/holmese01w.html
378,Joy Holmes-Harris,h/holmejo01w.html
379,Amber Holt,h/holtam01w.html
380,Jordan Hooper,h/hoopejo01w.html
381,Andrea Hoover,h/hoovean01w.html
382,Kym Hope,h/hopeky01w.html
383,Chelsea Hopkins,h/hopkich01w.html
384,Susie Hopson-Shelton,h/hopsosu01w.html
385,Alexis Hornbuckle,h/hornbal01w.html
386,Charde Houston,h/houstch01w.html
387,Ashley Houts,h/houtsas01w.html
388,Jennifer Howard,h/howarje01w.html
389,Natasha Howard,h/howarna01w.html
390,Brittany Hrynko,h/hrynkbr01w.html
391,Tasha Humphrey,h/humphta01w.html
392,Ify Ibekwe,i/ibekwif01w.html
393,Sandora Irvin,i/irvinsa01w.html
394,Dalma Ivanyi,i/ivanyda01w.html
395,Niele Ivey,i/iveyni01w.html
396,Angela Jackson,j/jacksan01w.html
397,Deanna Jackson,j/jacksde01w.html
398,Gwen Jackson,j/jacksgw01w.html
399,Lauren Jackson,j/jacksla01w.html
400,Tamicha Jackson,j/jacksta02w.html
401,Tammy Jackson,j/jacksta01w.html
402,Tia Jackson,j/jacksti01w.html
403,Tiffany Jackson-Jones,j/jacksti02w.html
404,Amber Jacobs,j/jacobam01w.html
405,Jasmine James,j/jamesja01w.html
406,Tamara James,j/jamesta01w.html
407,Briann January,j/januabr01w.html
408,Rachel Jarry,j/jarryra01w.html
409,Moriah Jefferson,j/jeffemo01w.html
410,Chucky Jeffery,j/jeffeja01w.html
411,Anete Jekabsone-Zogota,j/jekaban01w.html
412,Cathy Joens,j/joensca01w.html
413,Pollyanna Johns Kimbrough,j/johnspo01w.html
414,Adrienne Johnson,j/johnsad01w.html
415,Chandra Johnson,j/johnsch01w.html
416,Glory Johnson,j/johnsgl01w.html
417,Jaclyn Johnson,j/johnsja01w.html
418,LaTonya Johnson,j/johnsla01w.html
419,Leslie Johnson,j/johnsle01w.html
420,Niesa Johnson,j/johnsni01w.html
421,Shannon Johnson,j/johnssh01w.html
422,Shenise Johnson,j/johnssh02w.html
423,Temeka Johnson,j/johnste01w.html
424,Tiffani Johnson,j/johnsti01w.html
425,Vickie Johnson,j/johnsvi01w.html
426,Kellie Jolly Harper,j/jollyke01w.html
427,Alexis Jones,j/jonesal01w.html
428,Asjha Jones,j/jonesas01w.html
429,Brionna Jones,j/jonesbr01w.html
430,Chandi Jones,j/jonesch01w.html
431,Jameka Jones,j/jonesja01w.html
432,Jonquel Jones,j/jonesjo01w.html
433,Larecha Jones,j/jonesla01w.html
434,Marion Jones,j/jonesma01w.html
435,Merlakia Jones,j/jonesme01w.html
436,Pauline Jordan,j/jordapa01w.html
437,Aneta Kausaite,k/kausaan01w.html
438,Shae Kelley,k/kellesh01w.html
439,Crystal Kelly,k/kellycr01w.html
440,Brianna Kiesel,k/kiesebr01w.html
441,Susan King Borchardt,k/kingbsu01w.html
442,Jae Kingi-Cross,k/kingija01w.html
443,Lynetta Kizer,k/kizerly01w.html
444,Zuzi Klimesova,k/klimezu01w.html
445,Whitney Knight,k/knighwh01w.html
446,Ewelina Kobryn,k/kobryew01w.html
447,Laurie Koehn,k/koehnla01w.html
448,Ilona Korstine,k/korstil01w.html
449,Greta Koss,k/kossgr01w.html
450,Anastasia Kostaki,k/kostaan01w.html
451,Tanja Kostic,k/kostita01w.html
452,Cathrine Kraayeveld,k/kraayca01w.html
453,Nicole Kubik,k/kubikni01w.html
454,Andrea Kuklova,k/kukloan01w.html
455,Alison Lacey,l/laceyal01w.html
456,Jennifer Lacy,l/lacyje01w.html
457,Natasha Lacy,l/lacyna01w.html
458,Venus Lacy,l/lacyve01w.html
459,Monica Lamb,l/lambmo01w.html
460,Sheila Lambert,l/lambesh01w.html
461,Betnijah Laney,l/laneybe01w.html
462,MerleLynn Lange-Harris,l/langeme01w.html
463,Crystal Langhorne,l/langhcr01w.html
464,Krystyna Lara,l/larakr01w.html
465,Erlana Larkins,l/larkier01w.html
466,Amanda Lassiter,l/lassiam01w.html
467,Ivory Latta,l/lattaiv01w.html
468,Jantel Lavender,l/lavenja01w.html
469,Kara Lawson,l/lawsoka01w.html
470,Edwige Lawson-Wade,l/lawsoed01w.html
471,Katarina Lazic,l/lazicka01w.html
472,Shalee Lehning,l/lehnish01w.html
473,Betty Lennox,l/lennobe01w.html
474,Lisa Leslie,l/leslili01w.html
475,Yelena Leuchanka,l/leuchye01w.html
476,Nicole Levandusky,l/levanni01w.html
477,Nicole Levesque,l/levesni01w.html
478,Breanna Lewis,l/lewisbr01w.html
479,Doneeka Lewis,h/hodgedo01w.html
480,Takeisha Lewis,l/lewista01w.html
481,Tynesha Lewis,l/lewisty01w.html
482,Nancy Lieberman-Cline,l/liebena01w.html
483,Miao Lijie,m/miaomi01w.html
484,Taylor Lilley,l/lilleta01w.html
485,Jasmine Lister,l/listeja01w.html
486,Tricia Liston,l/listtotr01.html
487,Camille Little,l/littlca01w.html
488,Andrea Lloyd Curry,l/lloydan01w.html
489,Rebecca Lobo,l/lobore01w.html
490,Samantha Logic,l/logicsa01w.html
491,Raigyne Louis,l/louisra01w.html
492,Stacey Lovelace,l/lovelst01w.html
493,Jewell Loyd,l/loydje01w.html
494,Maggie Lucas,l/lucasma01w.html
495,Pat Luckey,l/luckepa01w.html
496,Helen Luz,l/luzhe01w.html
497,Sancho Lyttle,l/lyttlsa01w.html
498,Mwadi Mabika,m/mabikmw01w.html
499,Victoria Macaulay,m/macauvi01w.html
500,Laura Macchi,m/macchla01w.html
501,Clarisse Machanguana,m/machacl01w.html
502,Tess Madgen,m/madgete01w.html
503,Megan Mahoney,m/mahonme01w.html
504,Shea Mahoney,m/mahonsh01w.html
505,Hamchetou Maiga-Ba,m/maigaha01w.html
506,Nadine Malcolm,m/malcona01w.html
507,Sonja Mallory,m/malloso01w.html
508,Ally Malott,m/malotal01w.html
509,Evanthia Maltsi,m/maltsev01w.html
510,Kristen Mann,m/mannkr01w.html
511,Sharon Manning,m/mannish01w.html
512,Rhonda Mapp,m/mapprh01w.html
513,Michelle Marciniak,m/marcimi01w.html
514,Gabriela Marginean,m/margiga01w.html
515,Maylana Martin,m/martima01w.html
516,Nuria Martinez,m/martinu01w.html
517,Raffaella Masciadri,m/mascira01w.html
518,A'dia Mathies,m/mathiad01w.html
519,Caity Matter,m/matteca01w.html
520,Katie Mattera,m/matteka01w.html
521,Stephanie Mavunga,m/mavunst01w.html
522,Anita Maxwell,m/maxwean01w.html
523,Monica Maxwell,m/maxwemo01w.html
524,Kelly Mazzante,m/mazzake01w.html
525,Kayla McBride,m/mcbrika01w.html
526,Brandi McCain,m/mccaibr01w.html
527,Tiffany McCain,m/mccaiti01w.html
528,Erica McCall,m/mccaler01w.html
529,Rashanda McCants,m/mccanra01w.html
530,Janel McCarville,m/mccarja01w.html
531,Suzie McConnell Serio,m/mcconsu01w.html
532,Angel McCoughtry,m/mccouan01w.html
533,Danielle McCray,m/mccrada01w.html
534,Nikki McCray,m/mccrani01w.html
535,Nicky McCrimmon,m/mccrini01w.html
536,Danielle McCulley,m/mcculda01w.html
537,Pamela McGee,m/mcgeepa01w.html
538,Imani McGee-Stafford,b/boyetim01w.html
539,Carla McGhee,m/mcgheca01w.html
540,Nadirah McKenith,m/mckenna01w.html
541,Shanece McKinney,m/mckinsh01w.html
542,Taj McWilliams-Franklin,m/mcwilta01w.html
543,Emma Meesseman,m/meessem01w.html
544,Chasity Melvin,m/melvich01w.html
545,Giuliana Mendiola,m/mendigi01w.html
546,Britany Miller,m/millebr01w.html
547,Coco Miller,m/milleco01w.html
548,Kelly Miller,m/milleke01w.html
549,Teana Miller,m/mckivte01w.html
550,Tausha Mills,m/millsta01w.html
551,Jelena Milovanovic,m/milovje01w.html
552,DeLisha Milton-Jones,m/miltode01w.html
553,Kelsey Mitchell,m/mitchke01w.html
554,Leilani Mitchell,m/mitchle01w.html
555,Tiffany Mitchell,m/mitchti01w.html
556,Endy Miyem,m/miyemen01w.html
557,Liz Moeggenberg,m/moeggli01w.html
558,Adriana Moises,m/moisead01w.html
559,Chanel Mokango,m/mokanch01w.html
560,Jacinta Monroe,m/monroja01w.html
561,Anna Montanana,m/montaan01w.html
562,Alex Montgomery,m/montgal01w.html
563,Lanay Montgomery,m/montgla01w.html
564,Renee Montgomery,m/montgre01w.html
565,Jackie Moore,m/mooreja01w.html
566,Jessica Moore,m/mooreje01w.html
567,Lindsey Moore,m/mooreli01w.html
568,Loree Moore,m/moorelo01w.html
569,Maya Moore,m/moorema01w.html
570,Navonda Moore,m/moorena01w.html
571,Penny Moore,m/moorepe01w.html
572,Tamara Moore,m/mooreta01w.html
573,Yolanda Moore,m/mooreyo01w.html
574,Carolyn Moos,m/moosca01w.html
575,Darxia Morris,m/morrida01w.html
576,Jene Morris,m/morrije01w.html
577,Ziomara Morrison,m/morrizi01w.html
578,Bernice Mosby,m/mosbybe01w.html
579,Brene Moseley,m/moselbr01w.html
580,Judy Mosley-McAfee,m/mosleju01w.html
581,Kaleena Mosqueda-Lewis,m/mosquka01w.html
582,Jenny Mowe,m/moweje01w.html
583,Teana Muldrow,m/muldrte01w.html
584,Naomi Mulitauaopele,m/mulitna01w.html
585,Shay Murphy,m/murphsh01w.html
586,Christelle N'Garsanet,n/ngarsch01w.html
587,Andrea Nagy,n/nagyan01w.html
588,Chen Nan,n/nanch01w.html
589,Jaime Nared,n/naredja01w.html
590,Astou Ndiaye-Diatta,n/ndiayas01w.html
591,Emmeline Ndongue,n/ndongem01w.html
592,Astou Ndour,n/ndouras01w.html
593,Eva Nemcova,n/nemcoev01w.html
594,Claudia Neves,n/nevescl01w.html
595,Chelsea Newton,n/newtoch01w.html
596,Bernadette Ngoyisa,n/ngoyibe01w.html
597,Tina Nicholson,n/nichoti01w.html
598,Marlous Nieuwveen,n/nieuwma01w.html
599,Mila Nikolich,n/nikolmi01w.html
600,Chioma Nnamaka,n/nnamach01w.html
601,Deanna Nolan,n/nolande01w.html
602,Natalie Novosel,n/novosna01w.html
603,Kia Nurse,n/nurseki01w.html
604,Vanessa Nygaard,n/nygaava01w.html
605,Jenna O'Hea,o/oheaje01w.html
606,Jennifer O'Neill,o/oneilje01w.html
607,Kristen O'Neill,o/oneilkr01w.html
608,Yuko Oga,o/ogayu01w.html
609,Chiney Ogwumike,o/ogwumch01w.html
610,Nneka Ogwumike,o/ogwumnn01w.html
611,Nicole Ohlde,o/ohldeni01w.html
612,Abi Olajuwon,o/olajuab01w.html
613,Inga Orekhova,o/orekhin01w.html
614,Irina Osipova,o/osipoir01w.html
615,Heather Owen,o/owenhe01w.html
616,Shantia Owens,o/owenssh01w.html
617,Danielle Page,p/pageda01w.html
618,Murriel Page,p/pagemu01w.html
619,Yolanda Paige,p/paigeyo01w.html
620,Sabrina Palie,p/paliesa01w.html
621,Wendy Palmer,p/palmewe01w.html
622,Courtney Paris,p/parisco01w.html
623,JiSu Park,p/parkji01w.html
624,Candace Parker,p/parkeca01w.html
625,Cheyenne Parker,p/parkech01w.html
626,Florina Pascalau,p/pascafl01w.html
627,Tia Paschal,p/paschti01w.html
628,Michaela Pavlickova,p/pavlimi01w.html
629,Kate Paye,p/payeka01w.html
630,Kayla Pedersen,p/pederka01w.html
631,Ticha Penicheiro,p/penicti01w.html
632,Jocelyn Penn,p/pennjo01w.html
633,Jasmina Perazic-Gipe,p/perazja01w.html
634,Jia Perkins,p/perkiji01w.html
635,Erin Perperoglou,p/perpeer01w.html
636,Kim Perrot,p/perroki01w.html
637,Devereaux Peters,p/peterde01w.html
638,Haley Peters,p/peterha01w.html
639,Alexis Peterson,p/peteral01w.html
640,Sonja Petrovic,p/petroso01w.html
641,Bridget Pettis,p/pettibr01w.html
642,Erin Phillips,p/philler01w.html
643,Porsha Phillips,p/phillpo01w.html
644,Ta'Shia Phillips,p/phillta02w.html
645,Tari Phillips,p/phillta01w.html
646,Plenette Pierson,p/pierspl01w.html
647,Theresa Plaisance,p/plaisth01w.html
648,Kelsey Plum,p/plumke01w.html
649,Jeanette Pohlen-Mavunga,p/pohleje01w.html
650,Catarina Pollini,p/pollica01w.html
651,Cappie Pondexter,p/pondeca01w.html
652,Chelsea Poppens,p/poppech01w.html
653,Angie Potthoff,p/potthan01w.html
654,Elaine Powell,p/powelel01w.html
655,Nicole Powell,p/powelni01w.html
656,Aerial Powers,p/powerae01w.html
657,Samantha Prahalis,p/prahasa01w.html
658,Franthea Price,p/pricefr01w.html
659,Lynn Pride,p/pridely01w.html
660,Alexis Prince,p/princal01w.html
661,Epiphanny Prince,p/princep01w.html
662,Brooke Queenan,q/queenbr01w.html
663,Allie Quigley,q/quiglal01w.html
664,Noelle Quinn,q/quinnno01w.html
665,Texlin Quinney,q/quinnte01w.html
666,Hajdana Radunovic,r/radunha01w.html
667,Felicia Ragland,r/raglafe01w.html
668,Nayo Raincock-Ekunwe,r/raincna01w.html
669,Semeka Randall,r/randase01w.html
670,Kristen Rasmussen,r/rasmukr01w.html
671,Brittainey Raven,r/ravenbr01w.html
672,Stephanie Raymond,r/raymost01w.html
673,Tamika Raymond,w/willita02w.html
674,Jamie Redd,r/reddja01w.html
675,Katelan Redmon,r/redmoka01w.html
676,Brandy Reed,r/reedbr01w.html
677,Chastity Reed,r/reedch01w.html
678,Michelle Reed,r/reedmi01w.html
679,Tracy Reid,r/reidtr01w.html
680,Tammi Reiss,r/reissta01w.html
681,Kathrin Ress,r/reisska01w.html
682,Andrea Riley,r/rileyan01w.html
683,Ruth Riley,r/rileyru01w.html
684,Jennifer Rizzotti,r/rizzoje01w.html
685,Nyree Roberts,r/roberny01w.html
686,Angel Robinson,r/robinan01w.html
687,Ashley Robinson,r/robinas01w.html
688,Crystal Robinson,r/robincr01w.html
689,Danielle Robinson,r/robinda01w.html
690,Renee Robinson,r/robinre01w.html
691,Sugar Rodgers,r/rodgesu01w.html
692,Jannon Roland,r/rolanja01w.html
693,Waltiea Rolle,r/rollewa01w.html
694,Leticia Romero,r/romerle01w.html
695,Adrianne Ross,r/rossad01w.html
696,Tierra Ruffin-Pratt,r/ruffiti01w.html
697,Leah Rush,r/rushle01w.html
698,Mercedes Russell,r/russeme01w.html
699,Eugenia Rycraw,r/rycraeu01w.html
700,Nykesha Sales,s/salesny01w.html
701,Sheri Sam,s/samsh01w.html
702,Charisse Sampson,s/sampsch01w.html
703,Karlie Samuelson,s/samueka01w.html
704,Isabel Sanchez,s/sanchis01w.html
705,Amy Sanders,s/sandeam01w.html
706,LaToya Sanders,p/pringla01w.html
707,Nakia Sanford,s/sanfona01w.html
708,Olayinka Sanni,s/sanniol01w.html
709,Kelly Santos,s/santoke01w.html
710,Alessandra Santos de Oliveira,s/santoal01w.html
711,Rankica Sarenac,s/sarenra01w.html
712,Paige Sauer,s/sauerpa01w.html
713,Jaynetta Saunders,s/saundja01w.html
714,Audrey Sauret,s/saureau01w.html
715,Laure Savasta,s/savasla01w.html
716,Shoni Schimmel,s/schimsh01w.html
717,Kelly Schumacher,s/schumke01w.html
718,Georgia Schweitzer,s/schwege01w.html
719,Olympia Scott,s/scottol01w.html
720,Raegan Scott,s/scottra01w.html
721,Elena Shakirova,s/shakiel01w.html
722,K.B. Sharp,s/sharpkb01w.html
723,Chay Shegog,s/shegoch01w.html
724,Ashley Shields,s/shielas01w.html
725,Adrienne Shuler,s/shulead01w.html
726,Meighan Simmons,s/simmome01w.html
727,Jennie Simms,s/simmsje01w.html
728,Dymond Simon,s/simondy01w.html
729,Odyssey Sims,s/simsod01w.html
730,Madinah Slaise,s/slaisma01w.html
731,Gwen Slaughter,s/slauggw01w.html
732,Gergana Slavtcheva,s/slavtge01w.html
733,Aiysha Smith,s/smithai01w.html
734,Brooke Smith,s/smithbr01w.html
735,Charlotte Smith,s/smithch02w.html
736,Charmin Smith,s/smithch03w.html
737,Christy Smith,s/smithch01w.html
738,Crystal Smith,s/smithcr01w.html
739,Jennifer Smith,s/smithje01w.html
740,Katie Smith,s/smithka01w.html
741,Kim Smith,s/smithki01w.html
742,LaCharlotte Smith,s/smithla01w.html
743,Tangela Smith,s/smithta01w.html
744,Tyresa Smith,s/smithty01w.html
745,Wanisha Smith,s/smithwa01w.html
746,Belinda Snell,s/snellbe01w.html
747,Michelle Snow,s/snowmi01w.html
748,Leila Sobral,s/sobrale01w.html
749,Sidney Spencer,s/spencsi01w.html
750,Rachael Sporn,s/spornra01w.html
751,Trisha Stafford-Odom,s/stafftr01w.html
752,Dawn Staley,s/staleda01w.html
753,Tiffany Stansbury,s/stansti01w.html
754,Kate Starbird,s/starbka01w.html
755,Katy Steding,s/stedika01w.html
756,Maria Stepanova,s/stepama01w.html
757,Rehema Stephens,s/stephre01w.html
758,Stacy Stephens,s/stephst01w.html
759,Azura Stevens,s/steveaz01w.html
760,Mandisa Stevenson,s/stevema01w.html
761,Breanna Stewart,s/stewabr01w.html
762,Jackie Stiles,s/stileja01w.html
763,Valerie Still,s/stillva01w.html
764,Andrea Stinson,s/stinsan01w.html
765,Shanele Stires,s/stiresh01w.html
766,Tamara Stocks,s/stockta01w.html
767,Kiah Stokes,s/stokeki01w.html
768,Jurgita Streimikyte,s/streiju01w.html
769,Shekinna Stricklen,s/stricsh01w.html
770,Ann Strother,s/strotan01w.html
771,Tora Suber,s/suberto01w.html
772,Laura Summerton,s/summela01w.html
773,Jung Sun-Min,s/sunmiju01w.html
774,Tammy Sutton-Brown,s/suttota01w.html
775,Ketia Swanier,s/swanike01w.html
776,Sheryl Swoopes,s/swoopsh01w.html
777,Carolyn Swords,s/swordca01w.html
778,April Sykes,s/sykesap01w.html
779,Brittney Sykes,s/sykesbr01w.html
780,Stephanie Talbot,t/talbost01w.html
781,Zane Tamane,t/teilaza01w.html
782,Sonja Tate,t/tateso01w.html
783,Diana Taurasi,t/tauradi01w.html
784,Asia Taylor,t/tayloas01w.html
785,Lindsay Taylor,t/tayloli01w.html
786,Penny Taylor,t/taylope01w.html
787,Nikki Teasley,t/teaslni01w.html
788,Kasha Terry,t/terryka01w.html
789,Alyssa Thomas,t/thomaal01w.html
790,Carla Thomas,t/thomaca01w.html
791,Christi Thomas,t/thomach01w.html
792,Jasmine Thomas,t/thomaja01w.html
793,Krystal Thomas,t/thomakr01w.html
794,LaToya Thomas,t/thomala01w.html
795,Stacey Thomas,t/thomast01w.html
796,Alicia Thompson,t/thompal01w.html
797,Amanda Thompson,t/thompam01w.html
798,Tina Thompson,t/thompti01w.html
799,Shona Thorburn,t/thorbsh01w.html
800,Erin Thorn,t/thorner01w.html
801,Kayla Thornton,t/thornka01w.html
802,Robin Threatt-Elliott,t/threaro01w.html
803,Iciss Tillis,t/tilliic01w.html
804,Michele Timms,t/timmsmi01w.html
805,Joslyn Tinkle,t/tinkljo01w.html
806,Ramu Tokashiki,t/tokasra01w.html
807,Penny Toler,t/tolerpe01w.html
808,Kristi Toliver,t/tolivkr01w.html
809,Marianna Tolo,t/toloma01w.html
810,Elena Tornikidou,t/torniel01w.html
811,Levys Torres,t/torrele01w.html
812,Tiffany Travis,t/traviti01w.html
813,Chantel Tremitiere,t/tremich01w.html
814,Trena Trice,t/tricetr01w.html
815,Morgan Tuck,t/tuckmo01w.html
816,Barbara Turner,t/turneba01w.html
817,Yvonne Turner,t/turneyv01w.html
818,Molly Tuter,t/tutermo01w.html
819,Slobodanka Tuvic,t/tuvicsl01w.html
820,Polina Tzekova,t/tzekopo01w.html
821,Mfon Udoka,u/udokamf01w.html
822,Petra Ujhelyi,u/ujhelpe01w.html
823,Itoro Umoh-Coleman,u/umohit01w.html
824,Maria Vadeeva,v/vadeema01w.html
825,Amaya Valdemoro,v/valdeam01w.html
826,Sandra Van Embricqs,v/vanemal01w.html
827,Michele Van Gorp,v/vangomi01w.html
828,Courtney Vandersloot,v/vandeco01w.html
829,Kia Vaughn,v/vaughki01w.html
830,Krystal Vaughn,v/vaughkr01w.html
831,Kristen Veal,v/vealkr01w.html
832,Jana Vesela,v/veselja01w.html
833,Danielle Viglione,v/viglida01w.html
834,Daliborka Vilipic,v/vilipda01w.html
835,Victoria Vivians,v/viviavi01w.html
836,Kamila Vodichkova,v/vodicka01w.html
837,Natalia Vodopyanova,v/vodopna01w.html
838,Milica Vukadinovic,v/vukadmi01w.html
839,Ashley Walker,w/walkeas01w.html
840,Ayana Walker,w/walkeay01w.html
841,DeMya Walker,w/walkede01w.html
842,Marcedes Walker,w/walkema01w.html
843,Shatori Walker-Kimbrough,w/walkesh01w.html
844,Maren Walseth,w/walsema01w.html
845,Avery Warley-Talbert,w/warleav01w.html
846,Coquese Washington,w/washico01w.html
847,Tonya Washington,w/washito01w.html
848,Ann Wauters,w/wautean01w.html
849,Teresa Weatherspoon,w/weathte01w.html
850,Umeki Webb,w/webbum01w.html
851,Martina Weber,w/weberma01w.html
852,Kendra Wecker,w/weckeke01w.html
853,Jamie Weisner,w/weisnja01d.html
854,Lindsay Whalen,w/whaleli01w.html
855,Erica Wheeler,w/wheeler01w.html
856,Sami Whitcomb,w/whitcsa01w.html
857,DeTrina White,w/whitede01w.html
858,Erica White,w/whiteer01w.html
859,Stephanie White,m/mccarst01w.html
860,Tan White,w/whiteta01w.html
861,Val Whiting-Raymond,w/whitiva01w.html
862,Tamika Whitmore,w/whitmta01w.html
863,Khadijah Whittington,w/whittkh01w.html
864,Jennifer Whittle,w/whittje01w.html
865,Davellyn Whyte,w/whyteda01w.html
866,Sue Wicks,w/wickssu01w.html
867,Jamila Wideman,w/widemja01w.html
868,Sydney Wiese,w/wiesesy01w.html
869,Candice Wiggins,w/wiggica01w.html
870,Brittany Wilkins,w/wilkibr01w.html
871,Angelina Williams,w/willian01w.html
872,Beverly Williams,w/willibe01w.html
873,Courtney Williams,w/willico01w.html
874,Debra Williams,w/willide01w.html
875,Elizabeth Williams,w/williel01w.html
876,Gabby Williams,w/williga01w.html
877,Kamiko Williams,w/willika01w.html
878,Kim Williams,w/williki01w.html
879,Lenae Williams,w/willile02w.html
880,Natalie Williams,w/willina01w.html
881,Riquna Williams,w/williri02w.html
882,Rita Williams,w/williri01w.html
883,Shaquala Williams,w/willish01w.html
884,Tara Williams,w/willita01w.html
885,Toccara Williams,w/willito01w.html
886,Adrian Williams-Strong,w/williad01w.html
887,Le'coe Willingham,w/willile01w.html
888,Lisa Willis,w/willili01w.html
889,Wendi Willits,w/williwe01w.html
890,A'ja Wilson,w/wilsoa01w.html
891,Amanda Wilson,w/wilsoam01w.html
892,Christina Wirth,w/wirthch01w.html
893,Lindsay Wisdom-Hylton,w/wisdoli01w.html
894,Sophia Witherspoon,w/witheso01w.html
895,Julie Wojta,w/wojtaju01w.html
896,Kara Wolters,w/wolteka01w.html
897,Angelina Wolvert,w/wolvean01w.html
898,Lynette Woodard,w/woodaly01w.html
899,Tiffany Woosley,w/wooslti01w.html
900,Imani Wright,w/wrighim01w.html
901,Monica Wright,w/wrighmo01w.html
902,Shereka Wright,w/wrighsh01w.html
903,Tanisha Wright,w/wrighta01w.html
904,Brooke Wyckoff,w/wyckobr01w.html
905,Dana Wynne,w/wynneda01w.html
906,Marta Xargay,x/xargama01w.html
907,Lindsey Yamasaki,y/yamasli01w.html
908,Corissa Yasen,y/yasenco01w.html
909,Nevriye Yilmaz,y/yilmane01w.html
910,Carolyn Young,y/youngca01w.html
911,Tamera Young,y/youngta01w.html
912,Toni Young,y/youngto01w.html
913,Sophia Young-Malcolm,y/youngso01w.html
914,Amanda Zahui B.,z/zahuiam01w.html
915,Oksana Zakaluzhnaya,z/zakalok01w.html
916,Cecilia Zandalasini,z/zandace01w.html
917,Francesca Zara,z/zarafr01w.html
918,Shavonte Zellous,z/zellosh01w.html
919,Haixia Zheng,z/zhengha01w.html
920,Zuzana Zirkova,z/zirkozu01w.html
921,Sharnee' Zoll,z/zollsh01w.html
922,Shanna Zolman,z/zolmash01w.html
